{"cameraMode":{"drawMode":0,"name":"Shaded","section":"Shading Mode"},"sceneLighting":false,"audioPlay":false,"sceneViewState":{"m_AlwaysRefresh":false,"showFog":true,"showSkybox":true,"showFlares":true,"showImageEffects":true,"showParticleSystems":true,"showVisualEffectGraphs":true,"m_FxEnabled":true},"in2DMode":false,"pivot":{"x":-16.837482452392579,"y":-5.406381607055664,"z":15.835716247558594},"rotation":{"x":0.19894197583198548,"y":-0.03409695625305176,"z":0.006926497910171747,"w":0.9793992042541504},"size":15.862434387207032,"orthographic":false}